ID,lat,lon,COUNTt1,COUNTt2
11,31.598708,65.700751,4,0
28,31.598708,65.717751,3,0
32,31.598708,65.721751,12,0
34,31.598708,65.723751,9,0
71,31.599708,65.703751,11,0
77,31.599708,65.709751,23,0
85,31.599708,65.717751,5,0
86,31.599708,65.718751,1,0
128,31.600708,65.703751,2,0
129,31.600708,65.704751,1,0
131,31.600708,65.706751,20,0
132,31.600708,65.707751,2,0
134,31.600708,65.709751,61,0
143,31.600708,65.718751,16,0
144,31.600708,65.719751,2,0
189,31.601708,65.707751,14,0
191,31.601708,65.709751,97,0
199,31.601708,65.717751,21,0
200,31.601708,65.718751,6,0
247,31.602708,65.708751,6,0
248,31.602708,65.709751,31,0
255,31.602708,65.716751,3,0
300,31.603708,65.704751,6,0
304,31.603708,65.708751,4,0
305,31.603708,65.709751,124,4
306,31.603708,65.710751,1,0
309,31.603708,65.713751,19,1
310,31.603708,65.714751,8,0
312,31.603708,65.716751,18,3
313,31.603708,65.717751,5,0
321,31.603708,65.725751,6,0
350,31.604708,65.697751,0,7
353,31.604708,65.700751,10,0
354,31.604708,65.701751,53,30
355,31.604708,65.702751,153,142
356,31.604708,65.703751,172,50
357,31.604708,65.704751,9,17
358,31.604708,65.705751,38,12
359,31.604708,65.706751,3,0
362,31.604708,65.709751,200,26
363,31.604708,65.710751,1,7
365,31.604708,65.712751,3,3
366,31.604708,65.713751,0,2
369,31.604708,65.716751,93,7
371,31.604708,65.718751,2,0
372,31.604708,65.719751,20,0
373,31.604708,65.720751,3,0
376,31.604708,65.723751,2,0
377,31.604708,65.724751,1,0
410,31.605708,65.700751,52,21
411,31.605708,65.701751,24,0
412,31.605708,65.702751,117,112
413,31.605708,65.703751,73,68
414,31.605708,65.704751,109,124
415,31.605708,65.705751,129,113
416,31.605708,65.706751,55,108
417,31.605708,65.707751,89,68
418,31.605708,65.708751,166,69
419,31.605708,65.709751,375,103
420,31.605708,65.710751,558,113
421,31.605708,65.711751,375,43
422,31.605708,65.712751,363,11
423,31.605708,65.713751,540,10
424,31.605708,65.714751,252,3
425,31.605708,65.715751,161,3
426,31.605708,65.716751,205,12
427,31.605708,65.717751,17,6
428,31.605708,65.718751,4,3
429,31.605708,65.719751,18,0
430,31.605708,65.720751,12,0
431,31.605708,65.721751,5,0
433,31.605708,65.723751,3,0
436,31.605708,65.726751,0,2
437,31.605708,65.727751,0,2
439,31.605708,65.729751,0,2
464,31.606708,65.697751,12,4
465,31.606708,65.698751,24,22
469,31.606708,65.702751,62,39
472,31.606708,65.705751,0,2
473,31.606708,65.706751,28,14
475,31.606708,65.708751,1,0
476,31.606708,65.709751,62,4
477,31.606708,65.710751,14,7
479,31.606708,65.712751,1,1
480,31.606708,65.713751,133,19
481,31.606708,65.714751,42,6
482,31.606708,65.715751,338,16
483,31.606708,65.716751,846,79
484,31.606708,65.717751,420,20
485,31.606708,65.718751,388,74
486,31.606708,65.719751,383,69
487,31.606708,65.720751,78,84
488,31.606708,65.721751,362,67
489,31.606708,65.722751,301,122
490,31.606708,65.723751,167,92
491,31.606708,65.724751,119,143
492,31.606708,65.725751,75,174
493,31.606708,65.726751,96,248
494,31.606708,65.727751,28,102
495,31.606708,65.728751,6,22
496,31.606708,65.729751,1,0
497,31.606708,65.730751,2,0
499,31.606708,65.732751,3,0
500,31.606708,65.733751,7,10
501,31.606708,65.734751,13,0
521,31.607708,65.697751,2,8
523,31.607708,65.699751,21,0
526,31.607708,65.702751,44,45
527,31.607708,65.703751,1,0
530,31.607708,65.706751,62,7
533,31.607708,65.709751,64,22
534,31.607708,65.710751,3,5
536,31.607708,65.712751,0,11
537,31.607708,65.713751,112,18
539,31.607708,65.715751,0,4
540,31.607708,65.716751,208,92
541,31.607708,65.717751,11,4
543,31.607708,65.719751,3,0
544,31.607708,65.720751,5,6
545,31.607708,65.721751,11,35
546,31.607708,65.722751,24,4
547,31.607708,65.723751,2,0
548,31.607708,65.724751,2,2
549,31.607708,65.725751,1,22
550,31.607708,65.726751,81,150
551,31.607708,65.727751,104,262
552,31.607708,65.728751,71,226
553,31.607708,65.729751,137,89
554,31.607708,65.730751,71,13
555,31.607708,65.731751,83,82
556,31.607708,65.732751,237,110
557,31.607708,65.733751,146,24
558,31.607708,65.734751,277,20
559,31.607708,65.735751,161,83
560,31.607708,65.736751,99,62
561,31.607708,65.737751,51,0
562,31.607708,65.738751,1,0
576,31.608708,65.695751,14,0
577,31.608708,65.696751,6,18
578,31.608708,65.697751,4,24
579,31.608708,65.698751,5,0
580,31.608708,65.699751,21,0
581,31.608708,65.700751,3,0
582,31.608708,65.701751,40,0
583,31.608708,65.702751,43,81
587,31.608708,65.706751,90,98
588,31.608708,65.707751,4,1
589,31.608708,65.708751,9,0
590,31.608708,65.709751,88,30
591,31.608708,65.710751,2,10
593,31.608708,65.712751,6,4
594,31.608708,65.713751,118,63
596,31.608708,65.715751,0,3
597,31.608708,65.716751,423,275
598,31.608708,65.717751,30,0
599,31.608708,65.718751,7,0
600,31.608708,65.719751,11,0
601,31.608708,65.720751,44,56
603,31.608708,65.722751,2,3
604,31.608708,65.723751,0,2
606,31.608708,65.725751,13,8
607,31.608708,65.726751,11,33
608,31.608708,65.727751,1,0
609,31.608708,65.728751,4,10
610,31.608708,65.729751,2,0
614,31.608708,65.733751,20,0
616,31.608708,65.735751,0,3
618,31.608708,65.737751,2,0
620,31.608708,65.739751,12,0
621,31.608708,65.740751,22,0
622,31.608708,65.741751,17,0
623,31.608708,65.742751,34,9
632,31.609708,65.694751,0,1
633,31.609708,65.695751,7,0
634,31.609708,65.696751,0,1
635,31.609708,65.697751,15,84
636,31.609708,65.698751,7,30
637,31.609708,65.699751,48,66
638,31.609708,65.700751,236,231
639,31.609708,65.701751,242,222
640,31.609708,65.702751,291,239
641,31.609708,65.703751,212,114
642,31.609708,65.704751,141,115
643,31.609708,65.705751,20,8
644,31.609708,65.706751,277,192
645,31.609708,65.707751,83,79
646,31.609708,65.708751,54,29
647,31.609708,65.709751,179,55
648,31.609708,65.710751,109,55
649,31.609708,65.711751,56,28
650,31.609708,65.712751,4,12
651,31.609708,65.713751,78,68
652,31.609708,65.714751,0,5
653,31.609708,65.715751,0,2
654,31.609708,65.716751,499,243
655,31.609708,65.717751,9,6
656,31.609708,65.718751,0,17
657,31.609708,65.719751,0,4
658,31.609708,65.720751,51,23
659,31.609708,65.721751,1,0
661,31.609708,65.723751,1,1
662,31.609708,65.724751,0,26
663,31.609708,65.725751,2,12
664,31.609708,65.726751,9,20
665,31.609708,65.727751,8,20
666,31.609708,65.728751,4,28
667,31.609708,65.729751,0,9
669,31.609708,65.731751,1,0
670,31.609708,65.732751,2,0
672,31.609708,65.734751,9,0
673,31.609708,65.735751,3,0
680,31.609708,65.742751,0,14
681,31.609708,65.743751,0,21
688,31.610708,65.693751,3,7
689,31.610708,65.694751,5,37
690,31.610708,65.695751,62,125
691,31.610708,65.696751,73,118
692,31.610708,65.697751,176,318
693,31.610708,65.698751,195,243
694,31.610708,65.699751,108,114
695,31.610708,65.700751,161,176
696,31.610708,65.701751,3,31
697,31.610708,65.702751,267,175
698,31.610708,65.703751,1,0
699,31.610708,65.704751,198,97
700,31.610708,65.705751,248,91
701,31.610708,65.706751,468,188
702,31.610708,65.707751,141,152
703,31.610708,65.708751,59,176
704,31.610708,65.709751,120,253
705,31.610708,65.710751,69,211
706,31.610708,65.711751,155,173
707,31.610708,65.712751,265,276
708,31.610708,65.713751,345,287
709,31.610708,65.714751,154,116
710,31.610708,65.715751,136,167
711,31.610708,65.716751,675,631
712,31.610708,65.717751,6,13
713,31.610708,65.718751,36,23
714,31.610708,65.719751,0,12
715,31.610708,65.720751,0,3
717,31.610708,65.722751,4,2
718,31.610708,65.723751,1,1
719,31.610708,65.724751,0,23
720,31.610708,65.725751,3,27
721,31.610708,65.726751,24,32
722,31.610708,65.727751,3,0
723,31.610708,65.728751,3,3
724,31.610708,65.729751,0,1
726,31.610708,65.731751,3,0
737,31.610708,65.742751,0,1
738,31.610708,65.743751,4,27
745,31.611708,65.693751,0,2
747,31.611708,65.695751,19,3
749,31.611708,65.697751,111,81
752,31.611708,65.700751,1,1
753,31.611708,65.701751,196,144
754,31.611708,65.702751,373,171
757,31.611708,65.705751,0,3
758,31.611708,65.706751,207,116
759,31.611708,65.707751,3,26
761,31.611708,65.709751,54,85
762,31.611708,65.710751,5,16
763,31.611708,65.711751,0,18
764,31.611708,65.712751,34,11
765,31.611708,65.713751,102,94
767,31.611708,65.715751,0,3
768,31.611708,65.716751,810,996
769,31.611708,65.717751,11,2
770,31.611708,65.718751,11,32
771,31.611708,65.719751,0,4
772,31.611708,65.720751,0,3
774,31.611708,65.722751,5,8
775,31.611708,65.723751,8,59
776,31.611708,65.724751,2,27
777,31.611708,65.725751,37,63
778,31.611708,65.726751,33,79
779,31.611708,65.727751,6,0
780,31.611708,65.728751,3,0
782,31.611708,65.730751,1,0
783,31.611708,65.731751,2,0
784,31.611708,65.732751,1,0
795,31.611708,65.743751,33,65
804,31.612708,65.695751,66,4
805,31.612708,65.696751,1,8
806,31.612708,65.697751,100,66
807,31.612708,65.698751,1,0
808,31.612708,65.699751,4,6
809,31.612708,65.700751,44,17
810,31.612708,65.701751,410,409
811,31.612708,65.702751,535,502
812,31.612708,65.703751,103,101
813,31.612708,65.704751,166,125
814,31.612708,65.705751,105,63
815,31.612708,65.706751,349,184
816,31.612708,65.707751,48,84
817,31.612708,65.708751,26,15
818,31.612708,65.709751,173,163
819,31.612708,65.710751,2,29
820,31.612708,65.711751,1,71
821,31.612708,65.712751,216,135
822,31.612708,65.713751,26,100
823,31.612708,65.714751,0,1
824,31.612708,65.715751,3,1
825,31.612708,65.716751,829,952
826,31.612708,65.717751,5,1
827,31.612708,65.718751,29,23
828,31.612708,65.719751,0,8
829,31.612708,65.720751,8,32
830,31.612708,65.721751,0,4
831,31.612708,65.722751,7,18
832,31.612708,65.723751,8,73
833,31.612708,65.724751,8,10
834,31.612708,65.725751,69,52
835,31.612708,65.726751,21,23
836,31.612708,65.727751,14,16
837,31.612708,65.728751,10,5
838,31.612708,65.729751,6,3
839,31.612708,65.730751,18,0
840,31.612708,65.731751,3,0
842,31.612708,65.733751,3,0
844,31.612708,65.735751,6,0
845,31.612708,65.736751,4,0
846,31.612708,65.737751,13,0
847,31.612708,65.738751,1,0
849,31.612708,65.740751,0,3
852,31.612708,65.743751,47,31
853,31.612708,65.744751,1,0
859,31.613708,65.693751,29,0
860,31.613708,65.694751,36,30
861,31.613708,65.695751,106,15
862,31.613708,65.696751,71,33
863,31.613708,65.697751,108,84
864,31.613708,65.698751,177,136
865,31.613708,65.699751,465,312
866,31.613708,65.700751,166,100
867,31.613708,65.701751,72,98
868,31.613708,65.702751,719,381
871,31.613708,65.705751,4,0
872,31.613708,65.706751,222,182
873,31.613708,65.707751,12,37
874,31.613708,65.708751,10,34
875,31.613708,65.709751,131,245
876,31.613708,65.710751,14,106
877,31.613708,65.711751,73,186
878,31.613708,65.712751,288,365
879,31.613708,65.713751,426,291
880,31.613708,65.714751,43,93
881,31.613708,65.715751,69,160
882,31.613708,65.716751,1464,1807
883,31.613708,65.717751,815,850
884,31.613708,65.718751,656,661
885,31.613708,65.719751,644,624
886,31.613708,65.720751,786,753
887,31.613708,65.721751,593,580
888,31.613708,65.722751,536,593
889,31.613708,65.723751,497,676
890,31.613708,65.724751,293,316
891,31.613708,65.725751,197,249
892,31.613708,65.726751,9,3
893,31.613708,65.727751,34,6
894,31.613708,65.728751,33,10
895,31.613708,65.729751,24,12
896,31.613708,65.730751,22,0
897,31.613708,65.731751,35,3
898,31.613708,65.732751,39,0
899,31.613708,65.733751,0,6
900,31.613708,65.734751,9,0
901,31.613708,65.735751,28,0
902,31.613708,65.736751,8,0
903,31.613708,65.737751,7,0
904,31.613708,65.738751,2,0
909,31.613708,65.743751,43,3
915,31.614708,65.692751,0,5
916,31.614708,65.693751,17,0
917,31.614708,65.694751,0,4
918,31.614708,65.695751,20,74
919,31.614708,65.696751,29,33
920,31.614708,65.697751,95,71
921,31.614708,65.698751,34,26
922,31.614708,65.699751,61,26
923,31.614708,65.700751,33,18
924,31.614708,65.701751,0,12
925,31.614708,65.702751,654,376
928,31.614708,65.705751,0,6
929,31.614708,65.706751,282,184
930,31.614708,65.707751,4,6
932,31.614708,65.709751,90,82
933,31.614708,65.710751,0,6
934,31.614708,65.711751,0,28
935,31.614708,65.712751,2,13
936,31.614708,65.713751,585,263
937,31.614708,65.714751,3,0
939,31.614708,65.716751,656,837
940,31.614708,65.717751,19,30
941,31.614708,65.718751,0,3
943,31.614708,65.720751,41,70
944,31.614708,65.721751,215,238
945,31.614708,65.722751,20,10
946,31.614708,65.723751,89,49
947,31.614708,65.724751,51,125
948,31.614708,65.725751,408,617
949,31.614708,65.726751,448,658
950,31.614708,65.727751,477,778
951,31.614708,65.728751,680,857
952,31.614708,65.729751,192,327
953,31.614708,65.730751,62,63
954,31.614708,65.731751,2,4
956,31.614708,65.733751,1,1
958,31.614708,65.735751,8,0
959,31.614708,65.736751,2,0
960,31.614708,65.737751,27,0
961,31.614708,65.738751,1,0
965,31.614708,65.742751,62,10
966,31.614708,65.743751,34,1
972,31.615708,65.692751,3,3
973,31.615708,65.693751,15,36
974,31.615708,65.694751,19,25
975,31.615708,65.695751,0,22
976,31.615708,65.696751,1,2
977,31.615708,65.697751,0,1
978,31.615708,65.698751,0,62
979,31.615708,65.699751,5,16
980,31.615708,65.700751,86,120
981,31.615708,65.701751,21,0
982,31.615708,65.702751,890,602
983,31.615708,65.703751,34,28
984,31.615708,65.704751,187,140
985,31.615708,65.705751,213,227
986,31.615708,65.706751,567,382
987,31.615708,65.707751,135,102
988,31.615708,65.708751,89,155
989,31.615708,65.709751,154,239
990,31.615708,65.710751,11,17
991,31.615708,65.711751,0,3
992,31.615708,65.712751,0,3
993,31.615708,65.713751,463,502
994,31.615708,65.714751,0,7
995,31.615708,65.715751,4,32
996,31.615708,65.716751,561,718
997,31.615708,65.717751,0,66
998,31.615708,65.718751,4,77
999,31.615708,65.719751,5,20
1000,31.615708,65.720751,72,41
1001,31.615708,65.721751,189,235
1002,31.615708,65.722751,1,33
1003,31.615708,65.723751,45,39
1004,31.615708,65.724751,14,32
1005,31.615708,65.725751,5,13
1006,31.615708,65.726751,0,7
1007,31.615708,65.727751,0,6
1008,31.615708,65.728751,45,14
1009,31.615708,65.729751,334,298
1010,31.615708,65.730751,566,575
1011,31.615708,65.731751,407,345
1012,31.615708,65.732751,356,215
1013,31.615708,65.733751,498,340
1014,31.615708,65.734751,328,297
1015,31.615708,65.735751,400,244
1016,31.615708,65.736751,592,366
1017,31.615708,65.737751,203,96
1018,31.615708,65.738751,45,3
1019,31.615708,65.739751,1,1
1020,31.615708,65.740751,0,2
1021,31.615708,65.741751,75,20
1022,31.615708,65.742751,33,5
1023,31.615708,65.743751,16,1
1024,31.615708,65.744751,25,0
1025,31.615708,65.745751,24,0
1026,31.615708,65.746751,26,0
1031,31.616708,65.694751,3,0
1033,31.616708,65.696751,2,25
1034,31.616708,65.697751,4,16
1035,31.616708,65.698751,12,23
1036,31.616708,65.699751,2,0
1037,31.616708,65.700751,194,164
1038,31.616708,65.701751,193,154
1039,31.616708,65.702751,1135,754
1040,31.616708,65.703751,67,122
1041,31.616708,65.704751,8,23
1042,31.616708,65.705751,11,14
1043,31.616708,65.706751,93,42
1044,31.616708,65.707751,4,4
1045,31.616708,65.708751,16,12
1046,31.616708,65.709751,95,193
1047,31.616708,65.710751,26,79
1048,31.616708,65.711751,253,193
1049,31.616708,65.712751,577,535
1050,31.616708,65.713751,582,729
1051,31.616708,65.714751,478,736
1052,31.616708,65.715751,643,712
1053,31.616708,65.716751,174,713
1054,31.616708,65.717751,0,74
1055,31.616708,65.718751,11,103
1056,31.616708,65.719751,42,54
1057,31.616708,65.720751,144,149
1058,31.616708,65.721751,94,208
1059,31.616708,65.722751,5,84
1060,31.616708,65.723751,19,32
1061,31.616708,65.724751,13,63
1062,31.616708,65.725751,0,32
1063,31.616708,65.726751,0,68
1064,31.616708,65.727751,3,26
1065,31.616708,65.728751,16,65
1066,31.616708,65.729751,9,4
1067,31.616708,65.730751,12,1
1068,31.616708,65.731751,83,88
1069,31.616708,65.732751,0,22
1070,31.616708,65.733751,3,3
1071,31.616708,65.734751,29,51
1072,31.616708,65.735751,0,15
1073,31.616708,65.736751,7,12
1074,31.616708,65.737751,152,47
1075,31.616708,65.738751,516,127
1076,31.616708,65.739751,327,101
1077,31.616708,65.740751,344,118
1078,31.616708,65.741751,584,97
1079,31.616708,65.742751,531,73
1080,31.616708,65.743751,288,28
1081,31.616708,65.744751,104,14
1082,31.616708,65.745751,26,0
1083,31.616708,65.746751,5,0
1090,31.617708,65.696751,0,11
1091,31.617708,65.697751,4,3
1092,31.617708,65.698751,4,6
1093,31.617708,65.699751,18,0
1094,31.617708,65.700751,7,0
1095,31.617708,65.701751,271,252
1096,31.617708,65.702751,1072,755
1097,31.617708,65.703751,116,46
1098,31.617708,65.704751,28,27
1099,31.617708,65.705751,103,50
1100,31.617708,65.706751,54,55
1101,31.617708,65.707751,29,12
1102,31.617708,65.708751,117,177
1103,31.617708,65.709751,112,239
1104,31.617708,65.710751,8,6
1105,31.617708,65.711751,20,5
1106,31.617708,65.712751,160,306
1107,31.617708,65.713751,108,170
1108,31.617708,65.714751,2,142
1109,31.617708,65.715751,483,1264
1110,31.617708,65.716751,82,421
1111,31.617708,65.717751,226,475
1112,31.617708,65.718751,426,540
1113,31.617708,65.719751,465,702
1114,31.617708,65.720751,808,860
1115,31.617708,65.721751,566,871
1116,31.617708,65.722751,300,365
1117,31.617708,65.723751,1,51
1118,31.617708,65.724751,16,44
1119,31.617708,65.725751,0,13
1120,31.617708,65.726751,0,56
1121,31.617708,65.727751,0,40
1122,31.617708,65.728751,35,130
1123,31.617708,65.729751,0,24
1124,31.617708,65.730751,0,36
1125,31.617708,65.731751,107,148
1126,31.617708,65.732751,0,10
1127,31.617708,65.733751,0,3
1128,31.617708,65.734751,37,26
1129,31.617708,65.735751,257,250
1130,31.617708,65.736751,356,215
1131,31.617708,65.737751,441,262
1132,31.617708,65.738751,474,149
1133,31.617708,65.739751,104,48
1134,31.617708,65.740751,1,10
1135,31.617708,65.741751,0,4
1136,31.617708,65.742751,6,7
1137,31.617708,65.743751,13,7
1138,31.617708,65.744751,2,0
1150,31.618708,65.699751,13,3
1151,31.618708,65.700751,24,0
1152,31.618708,65.701751,164,352
1153,31.618708,65.702751,545,590
1154,31.618708,65.703751,137,96
1155,31.618708,65.704751,0,3
1156,31.618708,65.705751,0,4
1157,31.618708,65.706751,8,13
1158,31.618708,65.707751,22,19
1159,31.618708,65.708751,10,22
1160,31.618708,65.709751,76,264
1161,31.618708,65.710751,66,0
1162,31.618708,65.711751,62,0
1163,31.618708,65.712751,80,27
1164,31.618708,65.713751,112,0
1165,31.618708,65.714751,109,6
1166,31.618708,65.715751,497,1373
1167,31.618708,65.716751,133,459
1168,31.618708,65.717751,85,152
1169,31.618708,65.718751,122,400
1170,31.618708,65.719751,56,518
1171,31.618708,65.720751,21,63
1172,31.618708,65.721751,6,100
1173,31.618708,65.722751,330,885
1174,31.618708,65.723751,443,790
1175,31.618708,65.724751,346,780
1176,31.618708,65.725751,94,236
1177,31.618708,65.726751,0,94
1178,31.618708,65.727751,3,42
1179,31.618708,65.728751,54,103
1180,31.618708,65.729751,71,159
1181,31.618708,65.730751,312,567
1182,31.618708,65.731751,355,778
1183,31.618708,65.732751,244,548
1184,31.618708,65.733751,219,469
1185,31.618708,65.734751,322,421
1186,31.618708,65.735751,111,120
1187,31.618708,65.736751,0,1
1188,31.618708,65.737751,6,3
1189,31.618708,65.738751,46,0
1190,31.618708,65.739751,1,0
1191,31.618708,65.740751,1,0
1193,31.618708,65.742751,9,10
1195,31.618708,65.744751,45,0
1196,31.618708,65.745751,2,0
1202,31.619708,65.694751,0,5
1203,31.619708,65.695751,7,0
1205,31.619708,65.697751,3,8
1207,31.619708,65.699751,3,0
1208,31.619708,65.700751,19,0
1209,31.619708,65.701751,100,145
1210,31.619708,65.702751,113,145
1211,31.619708,65.703751,763,907
1212,31.619708,65.704751,0,20
1213,31.619708,65.705751,0,28
1214,31.619708,65.706751,0,38
1215,31.619708,65.707751,32,0
1216,31.619708,65.708751,55,10
1217,31.619708,65.709751,150,33
1218,31.619708,65.710751,88,0
1219,31.619708,65.711751,78,1
1220,31.619708,65.712751,89,162
1221,31.619708,65.713751,97,4
1222,31.619708,65.714751,90,0
1223,31.619708,65.715751,505,969
1224,31.619708,65.716751,168,72
1225,31.619708,65.717751,28,1
1226,31.619708,65.718751,44,113
1227,31.619708,65.719751,81,194
1228,31.619708,65.720751,297,139
1229,31.619708,65.721751,540,610
1230,31.619708,65.722751,646,1104
1231,31.619708,65.723751,865,1484
1232,31.619708,65.724751,660,1103
1233,31.619708,65.725751,741,1441
1234,31.619708,65.726751,522,1385
1235,31.619708,65.727751,434,1115
1236,31.619708,65.728751,412,1047
1237,31.619708,65.729751,436,1102
1238,31.619708,65.730751,425,951
1239,31.619708,65.731751,31,70
1240,31.619708,65.732751,0,36
1241,31.619708,65.733751,0,62
1242,31.619708,65.734751,58,100
1243,31.619708,65.735751,31,0
1244,31.619708,65.736751,52,3
1245,31.619708,65.737751,39,11
1246,31.619708,65.738751,161,38
1247,31.619708,65.739751,60,64
1248,31.619708,65.740751,24,18
1249,31.619708,65.741751,8,21
1250,31.619708,65.742751,0,16
1251,31.619708,65.743751,5,0
1252,31.619708,65.744751,38,8
1253,31.619708,65.745751,18,0
1256,31.620708,65.691751,0,1
1257,31.620708,65.692751,0,20
1258,31.620708,65.693751,0,3
1263,31.620708,65.698751,10,0
1265,31.620708,65.700751,1,11
1266,31.620708,65.701751,25,24
1267,31.620708,65.702751,87,75
1268,31.620708,65.703751,1072,938
1269,31.620708,65.704751,0,8
1270,31.620708,65.705751,0,3
1271,31.620708,65.706751,6,16
1272,31.620708,65.707751,65,5
1273,31.620708,65.708751,199,39
1274,31.620708,65.709751,979,643
1275,31.620708,65.710751,603,1060
1276,31.620708,65.711751,370,834
1277,31.620708,65.712751,643,1064
1278,31.620708,65.713751,745,1375
1279,31.620708,65.714751,917,1638
1280,31.620708,65.715751,1427,2984
1281,31.620708,65.716751,1232,1893
1282,31.620708,65.717751,1164,1479
1283,31.620708,65.718751,773,960
1284,31.620708,65.719751,650,930
1285,31.620708,65.720751,647,849
1286,31.620708,65.721751,204,332
1287,31.620708,65.722751,85,121
1288,31.620708,65.723751,33,113
1289,31.620708,65.724751,104,364
1290,31.620708,65.725751,448,700
1291,31.620708,65.726751,368,465
1292,31.620708,65.727751,272,365
1293,31.620708,65.728751,210,515
1294,31.620708,65.729751,398,575
1295,31.620708,65.730751,384,406
1296,31.620708,65.731751,153,198
1297,31.620708,65.732751,147,250
1298,31.620708,65.733751,115,177
1299,31.620708,65.734751,42,208
1300,31.620708,65.735751,7,9
1301,31.620708,65.736751,0,5
1302,31.620708,65.737751,0,36
1303,31.620708,65.738751,310,62
1304,31.620708,65.739751,14,0
1305,31.620708,65.740751,3,0
1306,31.620708,65.741751,11,7
1309,31.620708,65.744751,25,0
1315,31.621708,65.693751,0,4
1316,31.621708,65.694751,0,2
1320,31.621708,65.698751,1,2
1322,31.621708,65.700751,3,13
1323,31.621708,65.701751,9,38
1324,31.621708,65.702751,195,86
1325,31.621708,65.703751,1912,1688
1326,31.621708,65.704751,513,514
1327,31.621708,65.705751,552,495
1328,31.621708,65.706751,611,645
1329,31.621708,65.707751,917,946
1330,31.621708,65.708751,796,1232
1331,31.621708,65.709751,1066,2286
1332,31.621708,65.710751,384,606
1333,31.621708,65.711751,257,367
1334,31.621708,65.712751,152,327
1335,31.621708,65.713751,100,42
1336,31.621708,65.714751,8,2
1337,31.621708,65.715751,68,87
1338,31.621708,65.716751,1,0
1339,31.621708,65.717751,82,174
1340,31.621708,65.718751,68,77
1341,31.621708,65.719751,15,34
1342,31.621708,65.720751,34,37
1343,31.621708,65.721751,22,3
1344,31.621708,65.722751,63,41
1345,31.621708,65.723751,0,54
1346,31.621708,65.724751,0,20
1347,31.621708,65.725751,5,61
1348,31.621708,65.726751,0,77
1349,31.621708,65.727751,0,84
1350,31.621708,65.728751,1,36
1351,31.621708,65.729751,96,261
1352,31.621708,65.730751,3,26
1353,31.621708,65.731751,0,42
1354,31.621708,65.732751,0,69
1355,31.621708,65.733751,59,98
1356,31.621708,65.734751,168,196
1357,31.621708,65.735751,229,137
1358,31.621708,65.736751,214,131
1359,31.621708,65.737751,245,162
1360,31.621708,65.738751,387,101
1361,31.621708,65.739751,17,0
1362,31.621708,65.740751,49,0
1363,31.621708,65.741751,11,13
1374,31.622708,65.695751,0,64
1375,31.622708,65.696751,37,69
1376,31.622708,65.697751,73,36
1377,31.622708,65.698751,34,85
1378,31.622708,65.699751,55,162
1379,31.622708,65.700751,129,166
1380,31.622708,65.701751,185,283
1381,31.622708,65.702751,259,378
1382,31.622708,65.703751,381,604
1383,31.622708,65.704751,38,30
1384,31.622708,65.705751,42,21
1385,31.622708,65.706751,62,51
1386,31.622708,65.707751,74,26
1387,31.622708,65.708751,80,32
1388,31.622708,65.709751,356,937
1389,31.622708,65.710751,34,2
1390,31.622708,65.711751,29,2
1391,31.622708,65.712751,26,3
1392,31.622708,65.713751,0,3
1394,31.622708,65.715751,19,58
1396,31.622708,65.717751,0,62
1398,31.622708,65.719751,13,0
1400,31.622708,65.721751,1,4
1401,31.622708,65.722751,2,2
1403,31.622708,65.724751,0,87
1404,31.622708,65.725751,0,6
1405,31.622708,65.726751,0,16
1406,31.622708,65.727751,4,29
1407,31.622708,65.728751,69,59
1408,31.622708,65.729751,125,336
1409,31.622708,65.730751,0,79
1410,31.622708,65.731751,1,38
1411,31.622708,65.732751,0,19
1412,31.622708,65.733751,0,6
1413,31.622708,65.734751,0,23
1414,31.622708,65.735751,47,49
1415,31.622708,65.736751,0,3
1416,31.622708,65.737751,320,151
1417,31.622708,65.738751,7,39
1418,31.622708,65.739751,6,23
1419,31.622708,65.740751,0,5
1420,31.622708,65.741751,40,1
1421,31.622708,65.742751,14,13
1423,31.622708,65.744751,0,6
1431,31.623708,65.695751,8,34
1432,31.623708,65.696751,10,84
1436,31.623708,65.700751,0,21
1437,31.623708,65.701751,1,26
1438,31.623708,65.702751,2,15
1439,31.623708,65.703751,120,295
1440,31.623708,65.704751,3,10
1441,31.623708,65.705751,35,7
1442,31.623708,65.706751,35,29
1443,31.623708,65.707751,72,13
1444,31.623708,65.708751,88,66
1445,31.623708,65.709751,321,1014
1446,31.623708,65.710751,7,85
1447,31.623708,65.711751,1,62
1448,31.623708,65.712751,0,9
1449,31.623708,65.713751,0,1
1451,31.623708,65.715751,0,128
1453,31.623708,65.717751,0,32
1455,31.623708,65.719751,0,5
1456,31.623708,65.720751,0,6
1457,31.623708,65.721751,0,11
1458,31.623708,65.722751,0,9
1459,31.623708,65.723751,1,4
1460,31.623708,65.724751,4,130
1461,31.623708,65.725751,0,7
1462,31.623708,65.726751,16,23
1463,31.623708,65.727751,1,19
1464,31.623708,65.728751,114,348
1465,31.623708,65.729751,3,75
1466,31.623708,65.730751,4,38
1467,31.623708,65.731751,1,3
1468,31.623708,65.732751,0,32
1469,31.623708,65.733751,0,23
1470,31.623708,65.734751,0,22
1471,31.623708,65.735751,0,95
1472,31.623708,65.736751,279,391
1473,31.623708,65.737751,112,301
1474,31.623708,65.738751,20,95
1475,31.623708,65.739751,9,25
1476,31.623708,65.740751,7,1
1477,31.623708,65.741751,2,0
1478,31.623708,65.742751,2,0
1487,31.624708,65.694751,0,17
1488,31.624708,65.695751,5,14
1491,31.624708,65.698751,0,19
1492,31.624708,65.699751,0,10
1495,31.624708,65.702751,4,0
1496,31.624708,65.703751,146,358
1497,31.624708,65.704751,27,6
1498,31.624708,65.705751,7,0
1499,31.624708,65.706751,12,0
1500,31.624708,65.707751,84,63
1501,31.624708,65.708751,28,12
1502,31.624708,65.709751,63,324
1503,31.624708,65.710751,416,524
1504,31.624708,65.711751,9,38
1505,31.624708,65.712751,6,3
1507,31.624708,65.714751,0,2
1508,31.624708,65.715751,0,62
1510,31.624708,65.717751,0,39
1511,31.624708,65.718751,0,20
1512,31.624708,65.719751,0,6
1513,31.624708,65.720751,0,47
1514,31.624708,65.721751,1,25
1515,31.624708,65.722751,27,3
1516,31.624708,65.723751,42,103
1517,31.624708,65.724751,80,43
1518,31.624708,65.725751,4,3
1519,31.624708,65.726751,55,26
1520,31.624708,65.727751,0,22
1521,31.624708,65.728751,161,563
1522,31.624708,65.729751,0,56
1523,31.624708,65.730751,0,54
1524,31.624708,65.731751,0,3
1525,31.624708,65.732751,0,46
1526,31.624708,65.733751,0,9
1527,31.624708,65.734751,0,33
1528,31.624708,65.735751,152,295
1529,31.624708,65.736751,93,247
1530,31.624708,65.737751,3,59
1531,31.624708,65.738751,5,6
1532,31.624708,65.739751,38,37
1533,31.624708,65.740751,11,0
1537,31.624708,65.744751,0,6
1543,31.625708,65.693751,16,4
1544,31.625708,65.694751,0,8
1547,31.625708,65.697751,6,0
1548,31.625708,65.698751,9,6
1549,31.625708,65.699751,8,8
1550,31.625708,65.700751,1,8
1551,31.625708,65.701751,3,0
1552,31.625708,65.702751,27,2
1553,31.625708,65.703751,49,153
1554,31.625708,65.704751,14,81
1555,31.625708,65.705751,20,10
1556,31.625708,65.706751,16,49
1557,31.625708,65.707751,3,29
1558,31.625708,65.708751,10,15
1559,31.625708,65.709751,30,42
1560,31.625708,65.710751,451,535
1561,31.625708,65.711751,0,6
1564,31.625708,65.714751,0,6
1565,31.625708,65.715751,2,124
1566,31.625708,65.716751,5,0
1567,31.625708,65.717751,1,3
1568,31.625708,65.718751,0,16
1569,31.625708,65.719751,0,16
1571,31.625708,65.721751,19,24
1572,31.625708,65.722751,58,95
1573,31.625708,65.723751,43,12
1574,31.625708,65.724751,5,17
1575,31.625708,65.725751,11,71
1576,31.625708,65.726751,143,23
1577,31.625708,65.727751,13,41
1578,31.625708,65.728751,148,512
1579,31.625708,65.729751,1,75
1580,31.625708,65.730751,20,81
1581,31.625708,65.731751,0,17
1582,31.625708,65.732751,3,29
1583,31.625708,65.733751,4,58
1584,31.625708,65.734751,110,298
1585,31.625708,65.735751,204,453
1586,31.625708,65.736751,0,18
1587,31.625708,65.737751,0,21
1588,31.625708,65.738751,0,13
1589,31.625708,65.739751,12,31
1590,31.625708,65.740751,9,21
1591,31.625708,65.741751,1,13
1593,31.625708,65.743751,0,9
1599,31.626708,65.692751,4,6
1600,31.626708,65.693751,0,3
1605,31.626708,65.698751,23,33
1606,31.626708,65.699751,38,0
1607,31.626708,65.700751,0,4
1608,31.626708,65.701751,11,2
1610,31.626708,65.703751,9,3
1611,31.626708,65.704751,134,205
1612,31.626708,65.705751,9,10
1613,31.626708,65.706751,0,8
1614,31.626708,65.707751,6,4
1615,31.626708,65.708751,10,29
1616,31.626708,65.709751,52,42
1617,31.626708,65.710751,363,474
1618,31.626708,65.711751,4,0
1619,31.626708,65.712751,6,0
1622,31.626708,65.715751,1,43
1624,31.626708,65.717751,3,7
1625,31.626708,65.718751,0,12
1626,31.626708,65.719751,0,29
1628,31.626708,65.721751,23,0
1629,31.626708,65.722751,12,16
1630,31.626708,65.723751,49,100
1631,31.626708,65.724751,14,20
1632,31.626708,65.725751,51,47
1633,31.626708,65.726751,138,13
1634,31.626708,65.727751,18,23
1635,31.626708,65.728751,216,384
1636,31.626708,65.729751,0,49
1637,31.626708,65.730751,0,77
1638,31.626708,65.731751,0,66
1639,31.626708,65.732751,64,95
1640,31.626708,65.733751,115,138
1641,31.626708,65.734751,272,476
1642,31.626708,65.735751,36,36
1643,31.626708,65.736751,39,1
1644,31.626708,65.737751,5,24
1645,31.626708,65.738751,3,15
1646,31.626708,65.739751,12,12
1647,31.626708,65.740751,0,90
1655,31.627708,65.691751,0,22
1656,31.627708,65.692751,0,12
1662,31.627708,65.698751,11,0
1663,31.627708,65.699751,24,0
1664,31.627708,65.700751,0,7
1666,31.627708,65.702751,3,0
1667,31.627708,65.703751,13,5
1668,31.627708,65.704751,191,207
1670,31.627708,65.706751,23,0
1671,31.627708,65.707751,22,19
1672,31.627708,65.708751,15,50
1673,31.627708,65.709751,41,69
1674,31.627708,65.710751,375,486
1675,31.627708,65.711751,40,0
1678,31.627708,65.714751,1,3
1679,31.627708,65.715751,10,41
1683,31.627708,65.719751,0,7
1684,31.627708,65.720751,0,5
1686,31.627708,65.722751,32,0
1687,31.627708,65.723751,16,121
1688,31.627708,65.724751,69,38
1689,31.627708,65.725751,122,59
1690,31.627708,65.726751,128,60
1691,31.627708,65.727751,5,42
1692,31.627708,65.728751,214,422
1693,31.627708,65.729751,0,17
1694,31.627708,65.730751,0,61
1695,31.627708,65.731751,0,184
1696,31.627708,65.732751,0,141
1697,31.627708,65.733751,397,415
1698,31.627708,65.734751,0,27
1699,31.627708,65.735751,0,21
1700,31.627708,65.736751,0,38
1701,31.627708,65.737751,34,21
1702,31.627708,65.738751,31,0
1703,31.627708,65.739751,5,10
1704,31.627708,65.740751,25,33
1705,31.627708,65.741751,15,0
1706,31.627708,65.742751,0,11
1711,31.628708,65.690751,0,3
1712,31.628708,65.691751,0,14
1713,31.628708,65.692751,0,3
1715,31.628708,65.694751,3,0
1719,31.628708,65.698751,1,0
1720,31.628708,65.699751,8,0
1721,31.628708,65.700751,21,0
1722,31.628708,65.701751,4,0
1723,31.628708,65.702751,12,0
1724,31.628708,65.703751,7,1
1725,31.628708,65.704751,268,239
1726,31.628708,65.705751,9,1
1727,31.628708,65.706751,33,11
1728,31.628708,65.707751,6,28
1729,31.628708,65.708751,43,72
1730,31.628708,65.709751,15,62
1731,31.628708,65.710751,322,518
1732,31.628708,65.711751,16,0
1733,31.628708,65.712751,4,0
1734,31.628708,65.713751,1,0
1735,31.628708,65.714751,7,2
1736,31.628708,65.715751,96,24
1737,31.628708,65.716751,3,0
1739,31.628708,65.718751,3,0
1741,31.628708,65.720751,13,23
1743,31.628708,65.722751,6,0
1744,31.628708,65.723751,23,35
1745,31.628708,65.724751,65,24
1746,31.628708,65.725751,132,40
1747,31.628708,65.726751,70,10
1748,31.628708,65.727751,50,51
1749,31.628708,65.728751,184,254
1750,31.628708,65.729751,0,6
1751,31.628708,65.730751,0,72
1752,31.628708,65.731751,0,23
1753,31.628708,65.732751,213,240
1754,31.628708,65.733751,221,338
1755,31.628708,65.734751,0,49
1756,31.628708,65.735751,3,68
1757,31.628708,65.736751,42,58
1758,31.628708,65.737751,31,37
1759,31.628708,65.738751,1,38
1760,31.628708,65.739751,44,12
1761,31.628708,65.740751,4,8
1763,31.628708,65.742751,0,3
1770,31.629708,65.692751,0,4
1777,31.629708,65.699751,0,9
1780,31.629708,65.702751,5,4
1781,31.629708,65.703751,96,33
1782,31.629708,65.704751,393,281
1783,31.629708,65.705751,143,58
1784,31.629708,65.706751,76,87
1785,31.629708,65.707751,81,115
1786,31.629708,65.708751,67,83
1787,31.629708,65.709751,44,68
1788,31.629708,65.710751,383,812
1789,31.629708,65.711751,28,51
1790,31.629708,65.712751,16,22
1791,31.629708,65.713751,4,5
1792,31.629708,65.714751,18,0
1793,31.629708,65.715751,49,27
1794,31.629708,65.716751,29,0
1798,31.629708,65.720751,26,71
1799,31.629708,65.721751,3,81
1800,31.629708,65.722751,8,40
1801,31.629708,65.723751,58,9
1802,31.629708,65.724751,185,25
1803,31.629708,65.725751,128,27
1804,31.629708,65.726751,37,58
1805,31.629708,65.727751,294,256
1806,31.629708,65.728751,17,115
1807,31.629708,65.729751,0,47
1808,31.629708,65.730751,0,91
1809,31.629708,65.731751,63,314
1810,31.629708,65.732751,230,587
1811,31.629708,65.733751,2,160
1812,31.629708,65.734751,25,338
1813,31.629708,65.735751,18,100
1814,31.629708,65.736751,42,52
1815,31.629708,65.737751,25,6
1816,31.629708,65.738751,3,13
1817,31.629708,65.739751,7,8
1818,31.629708,65.740751,21,19
1819,31.629708,65.741751,3,19
1827,31.630708,65.692751,0,14
1834,31.630708,65.699751,3,0
1835,31.630708,65.700751,11,11
1836,31.630708,65.701751,118,43
1837,31.630708,65.702751,140,84
1838,31.630708,65.703751,209,71
1839,31.630708,65.704751,12,5
1840,31.630708,65.705751,71,4
1841,31.630708,65.706751,38,0
1842,31.630708,65.707751,24,0
1843,31.630708,65.708751,26,30
1844,31.630708,65.709751,42,122
1845,31.630708,65.710751,499,998
1846,31.630708,65.711751,80,53
1847,31.630708,65.712751,19,17
1848,31.630708,65.713751,39,83
1849,31.630708,65.714751,115,101
1850,31.630708,65.715751,60,200
1851,31.630708,65.716751,66,78
1852,31.630708,65.717751,38,81
1853,31.630708,65.718751,45,70
1854,31.630708,65.719751,25,52
1855,31.630708,65.720751,25,64
1856,31.630708,65.721751,28,10
1857,31.630708,65.722751,28,0
1858,31.630708,65.723751,154,0
1859,31.630708,65.724751,105,14
1860,31.630708,65.725751,123,28
1861,31.630708,65.726751,11,34
1862,31.630708,65.727751,231,336
1863,31.630708,65.728751,3,16
1864,31.630708,65.729751,0,47
1865,31.630708,65.730751,0,67
1866,31.630708,65.731751,202,378
1867,31.630708,65.732751,0,56
1868,31.630708,65.733751,13,105
1869,31.630708,65.734751,21,208
1870,31.630708,65.735751,0,115
1871,31.630708,65.736751,0,66
1872,31.630708,65.737751,0,3
1873,31.630708,65.738751,0,6
1874,31.630708,65.739751,1,21
1875,31.630708,65.740751,21,14
1876,31.630708,65.741751,0,41
1877,31.630708,65.742751,0,14
1878,31.630708,65.743751,0,2
1885,31.631708,65.693751,0,3
1886,31.631708,65.694751,0,3
1888,31.631708,65.696751,3,0
1889,31.631708,65.697751,5,39
1890,31.631708,65.698751,16,10
1891,31.631708,65.699751,39,39
1892,31.631708,65.700751,48,29
1893,31.631708,65.701751,33,12
1894,31.631708,65.702751,0,18
1895,31.631708,65.703751,28,43
1896,31.631708,65.704751,3,21
1897,31.631708,65.705751,22,3
1898,31.631708,65.706751,9,8
1899,31.631708,65.707751,10,0
1900,31.631708,65.708751,19,10
1901,31.631708,65.709751,25,10
1902,31.631708,65.710751,345,444
1903,31.631708,65.711751,10,11
1904,31.631708,65.712751,11,0
1905,31.631708,65.713751,7,1
1906,31.631708,65.714751,70,69
1907,31.631708,65.715751,98,7
1908,31.631708,65.716751,20,0
1909,31.631708,65.717751,7,0
1910,31.631708,65.718751,36,5
1911,31.631708,65.719751,101,59
1912,31.631708,65.720751,72,112
1913,31.631708,65.721751,178,195
1914,31.631708,65.722751,203,52
1915,31.631708,65.723751,143,11
1916,31.631708,65.724751,115,36
1917,31.631708,65.725751,118,41
1918,31.631708,65.726751,17,67
1919,31.631708,65.727751,303,372
1920,31.631708,65.728751,37,79
1921,31.631708,65.729751,0,114
1922,31.631708,65.730751,158,594
1923,31.631708,65.731751,26,63
1924,31.631708,65.732751,2,15
1925,31.631708,65.733751,4,62
1926,31.631708,65.734751,14,208
1927,31.631708,65.735751,8,107
1928,31.631708,65.736751,16,48
1929,31.631708,65.737751,5,12
1930,31.631708,65.738751,9,16
1933,31.631708,65.741751,0,2
1934,31.631708,65.742751,0,17
1935,31.631708,65.743751,0,1
1940,31.632708,65.691751,0,7
1941,31.632708,65.692751,0,2
1943,31.632708,65.694751,0,22
1946,31.632708,65.697751,38,0
1948,31.632708,65.699751,4,0
1950,31.632708,65.701751,4,11
1951,31.632708,65.702751,15,6
1952,31.632708,65.703751,50,62
1953,31.632708,65.704751,25,14
1954,31.632708,65.705751,14,7
1955,31.632708,65.706751,18,3
1956,31.632708,65.707751,9,0
1957,31.632708,65.708751,0,5
1958,31.632708,65.709751,11,44
1959,31.632708,65.710751,410,683
1960,31.632708,65.711751,10,25
1961,31.632708,65.712751,14,19
1962,31.632708,65.713751,18,61
1963,31.632708,65.714751,79,104
1964,31.632708,65.715751,76,1
1965,31.632708,65.716751,16,0
1966,31.632708,65.717751,8,0
1967,31.632708,65.718751,119,0
1968,31.632708,65.719751,159,0
1969,31.632708,65.720751,116,1
1970,31.632708,65.721751,126,20
1971,31.632708,65.722751,63,152
1972,31.632708,65.723751,157,164
1973,31.632708,65.724751,143,184
1974,31.632708,65.725751,78,42
1975,31.632708,65.726751,45,22
1976,31.632708,65.727751,278,334
1977,31.632708,65.728751,25,83
1978,31.632708,65.729751,162,434
1979,31.632708,65.730751,95,289
1980,31.632708,65.731751,2,35
1981,31.632708,65.732751,10,41
1982,31.632708,65.733751,31,54
1983,31.632708,65.734751,37,71
1984,31.632708,65.735751,35,121
1985,31.632708,65.736751,7,68
1986,31.632708,65.737751,10,37
1987,31.632708,65.738751,6,51
1988,31.632708,65.739751,12,0
1989,31.632708,65.740751,8,7
1990,31.632708,65.741751,0,5
2003,31.633708,65.697751,1,0
2005,31.633708,65.699751,25,0
2007,31.633708,65.701751,23,0
2008,31.633708,65.702751,48,10
2009,31.633708,65.703751,37,12
2010,31.633708,65.704751,25,5
2011,31.633708,65.705751,7,0
2012,31.633708,65.706751,21,0
2013,31.633708,65.707751,40,46
2014,31.633708,65.708751,33,88
2015,31.633708,65.709751,49,206
2016,31.633708,65.710751,422,653
2017,31.633708,65.711751,4,9
2018,31.633708,65.712751,13,1
2019,31.633708,65.713751,33,122
2020,31.633708,65.714751,78,96
2021,31.633708,65.715751,39,98
2022,31.633708,65.716751,22,80
2023,31.633708,65.717751,36,17
2024,31.633708,65.718751,135,16
2025,31.633708,65.719751,110,9
2026,31.633708,65.720751,133,18
2027,31.633708,65.721751,81,31
2028,31.633708,65.722751,38,40
2029,31.633708,65.723751,69,29
2030,31.633708,65.724751,85,247
2031,31.633708,65.725751,326,265
2032,31.633708,65.726751,146,82
2033,31.633708,65.727751,216,386
2034,31.633708,65.728751,70,245
2035,31.633708,65.729751,126,464
2036,31.633708,65.730751,7,144
2037,31.633708,65.731751,75,133
2038,31.633708,65.732751,25,155
2039,31.633708,65.733751,96,114
2040,31.633708,65.734751,40,145
2041,31.633708,65.735751,41,99
2042,31.633708,65.736751,5,37
2043,31.633708,65.737751,3,67
2044,31.633708,65.738751,0,7
2062,31.634708,65.699751,2,0
2063,31.634708,65.700751,3,0
2064,31.634708,65.701751,29,0
2065,31.634708,65.702751,17,6
2066,31.634708,65.703751,45,4
2067,31.634708,65.704751,53,5
2068,31.634708,65.705751,42,0
2069,31.634708,65.706751,26,55
2070,31.634708,65.707751,44,53
2071,31.634708,65.708751,115,1
2072,31.634708,65.709751,190,49
2073,31.634708,65.710751,390,709
2074,31.634708,65.711751,2,4
2075,31.634708,65.712751,4,5
2076,31.634708,65.713751,72,121
2077,31.634708,65.714751,64,92
2078,31.634708,65.715751,65,98
2079,31.634708,65.716751,105,82
2080,31.634708,65.717751,68,66
2081,31.634708,65.718751,116,108
2082,31.634708,65.719751,101,99
2083,31.634708,65.720751,124,85
2084,31.634708,65.721751,88,72
2085,31.634708,65.722751,76,47
2086,31.634708,65.723751,75,63
2087,31.634708,65.724751,92,105
2088,31.634708,65.725751,82,103
2089,31.634708,65.726751,154,152
2090,31.634708,65.727751,282,303
2091,31.634708,65.728751,490,565
2092,31.634708,65.729751,7,33
2093,31.634708,65.730751,17,20
2094,31.634708,65.731751,36,86
2095,31.634708,65.732751,8,70
2096,31.634708,65.733751,9,76
2097,31.634708,65.734751,0,66
2098,31.634708,65.735751,2,35
2099,31.634708,65.736751,0,31
2100,31.634708,65.737751,0,22
2101,31.634708,65.738751,0,8
2103,31.634708,65.740751,13,0
2105,31.634708,65.742751,0,13
2115,31.635708,65.695751,5,0
2116,31.635708,65.696751,12,11
2120,31.635708,65.700751,4,0
2121,31.635708,65.701751,6,0
2122,31.635708,65.702751,54,0
2123,31.635708,65.703751,36,3
2124,31.635708,65.704751,45,30
2125,31.635708,65.705751,63,20
2126,31.635708,65.706751,51,85
2127,31.635708,65.707751,75,3
2128,31.635708,65.708751,111,4
2129,31.635708,65.709751,111,64
2130,31.635708,65.710751,296,493
2131,31.635708,65.711751,46,15
2132,31.635708,65.712751,25,43
2133,31.635708,65.713751,66,143
2134,31.635708,65.714751,185,75
2135,31.635708,65.715751,125,76
2136,31.635708,65.716751,129,142
2137,31.635708,65.717751,138,115
2138,31.635708,65.718751,95,146
2139,31.635708,65.719751,118,214
2140,31.635708,65.720751,125,275
2141,31.635708,65.721751,61,259
2142,31.635708,65.722751,34,149
2143,31.635708,65.723751,112,139
2144,31.635708,65.724751,91,157
2145,31.635708,65.725751,82,187
2146,31.635708,65.726751,50,110
2147,31.635708,65.727751,203,394
2148,31.635708,65.728751,247,227
2149,31.635708,65.729751,183,180
2150,31.635708,65.730751,36,75
2151,31.635708,65.731751,44,81
2152,31.635708,65.732751,41,144
2153,31.635708,65.733751,26,79
2154,31.635708,65.734751,31,34
2155,31.635708,65.735751,10,16
2156,31.635708,65.736751,0,12
2157,31.635708,65.737751,0,3
2158,31.635708,65.738751,0,13
2159,31.635708,65.739751,0,3
2160,31.635708,65.740751,0,5
2164,31.635708,65.744751,3,0
2178,31.636708,65.701751,1,0
2179,31.636708,65.702751,26,10
2180,31.636708,65.703751,16,3
2181,31.636708,65.704751,33,34
2182,31.636708,65.705751,32,0
2183,31.636708,65.706751,68,0
2184,31.636708,65.707751,39,0
2185,31.636708,65.708751,47,0
2186,31.636708,65.709751,58,16
2187,31.636708,65.710751,320,435
2188,31.636708,65.711751,57,0
2189,31.636708,65.712751,45,42
2190,31.636708,65.713751,128,109
2191,31.636708,65.714751,155,86
2192,31.636708,65.715751,103,61
2193,31.636708,65.716751,155,140
2194,31.636708,65.717751,130,101
2195,31.636708,65.718751,109,99
2196,31.636708,65.719751,126,148
2197,31.636708,65.720751,136,124
2198,31.636708,65.721751,89,111
2199,31.636708,65.722751,64,133
2200,31.636708,65.723751,93,118
2201,31.636708,65.724751,163,112
2202,31.636708,65.725751,123,80
2203,31.636708,65.726751,196,282
2204,31.636708,65.727751,150,301
2205,31.636708,65.728751,5,100
2206,31.636708,65.729751,13,68
2207,31.636708,65.730751,73,78
2208,31.636708,65.731751,6,99
2209,31.636708,65.732751,2,93
2210,31.636708,65.733751,44,91
2211,31.636708,65.734751,20,62
2212,31.636708,65.735751,13,30
2213,31.636708,65.736751,10,96
2214,31.636708,65.737751,10,64
2215,31.636708,65.738751,19,118
2216,31.636708,65.739751,23,57
2217,31.636708,65.740751,25,33
2219,31.636708,65.742751,0,14
2220,31.636708,65.743751,0,7
2221,31.636708,65.744751,0,3
2235,31.637708,65.701751,20,0
2236,31.637708,65.702751,5,0
2237,31.637708,65.703751,16,0
2238,31.637708,65.704751,27,9
2239,31.637708,65.705751,14,0
2240,31.637708,65.706751,56,0
2241,31.637708,65.707751,25,0
2242,31.637708,65.708751,29,0
2243,31.637708,65.709751,9,0
2244,31.637708,65.710751,270,372
2245,31.637708,65.711751,57,7
2246,31.637708,65.712751,113,46
2247,31.637708,65.713751,95,103
2248,31.637708,65.714751,112,73
2249,31.637708,65.715751,82,83
2250,31.637708,65.716751,117,87
2251,31.637708,65.717751,102,92
2252,31.637708,65.718751,92,74
2253,31.637708,65.719751,113,89
2254,31.637708,65.720751,113,112
2255,31.637708,65.721751,109,119
2256,31.637708,65.722751,54,94
2257,31.637708,65.723751,47,73
2258,31.637708,65.724751,150,117
2259,31.637708,65.725751,204,145
2260,31.637708,65.726751,360,315
2261,31.637708,65.727751,22,104
2262,31.637708,65.728751,0,84
2263,31.637708,65.729751,17,88
2264,31.637708,65.730751,13,71
2265,31.637708,65.731751,53,123
2266,31.637708,65.732751,130,282
2267,31.637708,65.733751,28,138
2268,31.637708,65.734751,5,90
2269,31.637708,65.735751,5,92
2270,31.637708,65.736751,0,55
2271,31.637708,65.737751,0,10
2292,31.638708,65.701751,1,0
2293,31.638708,65.702751,10,0
2294,31.638708,65.703751,20,0
2295,31.638708,65.704751,23,10
2296,31.638708,65.705751,13,37
2297,31.638708,65.706751,29,12
2298,31.638708,65.707751,30,22
2299,31.638708,65.708751,22,13
2300,31.638708,65.709751,27,85
2301,31.638708,65.710751,228,618
2302,31.638708,65.711751,98,2
2303,31.638708,65.712751,67,84
2304,31.638708,65.713751,93,107
2305,31.638708,65.714751,108,80
2306,31.638708,65.715751,98,75
2307,31.638708,65.716751,109,92
2308,31.638708,65.717751,93,76
2309,31.638708,65.718751,75,83
2310,31.638708,65.719751,78,74
2311,31.638708,65.720751,87,102
2312,31.638708,65.721751,111,100
2313,31.638708,65.722751,64,97
2314,31.638708,65.723751,73,75
2315,31.638708,65.724751,89,76
2316,31.638708,65.725751,370,366
2317,31.638708,65.726751,85,106
2318,31.638708,65.727751,37,89
2319,31.638708,65.728751,0,98
2320,31.638708,65.729751,15,77
2321,31.638708,65.730751,4,67
2322,31.638708,65.731751,3,49
2323,31.638708,65.732751,0,86
2324,31.638708,65.733751,0,22
2325,31.638708,65.734751,37,9
2326,31.638708,65.735751,25,4
2327,31.638708,65.736751,3,26
2328,31.638708,65.737751,0,3
2329,31.638708,65.738751,0,15
2330,31.638708,65.739751,0,2
2350,31.639708,65.702751,38,8
2351,31.639708,65.703751,30,12
2352,31.639708,65.704751,15,1
2353,31.639708,65.705751,12,3
2354,31.639708,65.706751,5,5
2355,31.639708,65.707751,11,2
2356,31.639708,65.708751,15,43
2357,31.639708,65.709751,30,52
2358,31.639708,65.710751,363,581
2359,31.639708,65.711751,57,1
2360,31.639708,65.712751,82,102
2361,31.639708,65.713751,63,115
2362,31.639708,65.714751,75,57
2363,31.639708,65.715751,70,71
2364,31.639708,65.716751,52,82
2365,31.639708,65.717751,102,104
2366,31.639708,65.718751,84,68
2367,31.639708,65.719751,72,60
2368,31.639708,65.720751,80,105
2369,31.639708,65.721751,76,106
2370,31.639708,65.722751,52,67
2371,31.639708,65.723751,51,56
2372,31.639708,65.724751,212,378
2373,31.639708,65.725751,131,188
2374,31.639708,65.726751,51,124
2375,31.639708,65.727751,40,97
2376,31.639708,65.728751,0,67
2377,31.639708,65.729751,0,22
2378,31.639708,65.730751,0,53
2379,31.639708,65.731751,0,28
2380,31.639708,65.732751,5,81
2381,31.639708,65.733751,7,16
2382,31.639708,65.734751,3,0
2383,31.639708,65.735751,10,3
2384,31.639708,65.736751,0,22
2385,31.639708,65.737751,3,7
2386,31.639708,65.738751,0,69
2387,31.639708,65.739751,0,15
2406,31.640708,65.701751,2,0
2407,31.640708,65.702751,12,0
2408,31.640708,65.703751,8,0
2409,31.640708,65.704751,25,2
2410,31.640708,65.705751,29,0
2411,31.640708,65.706751,36,0
2412,31.640708,65.707751,29,0
2413,31.640708,65.708751,46,4
2414,31.640708,65.709751,68,0
2415,31.640708,65.710751,234,333
2416,31.640708,65.711751,72,1
2417,31.640708,65.712751,73,95
2418,31.640708,65.713751,53,78
2419,31.640708,65.714751,63,51
2420,31.640708,65.715751,75,67
2421,31.640708,65.716751,58,68
2422,31.640708,65.717751,78,89
2423,31.640708,65.718751,89,55
2424,31.640708,65.719751,90,91
2425,31.640708,65.720751,49,96
2426,31.640708,65.721751,49,81
2427,31.640708,65.722751,65,68
2428,31.640708,65.723751,106,166
2429,31.640708,65.724751,156,442
2430,31.640708,65.725751,45,60
2431,31.640708,65.726751,50,90
2432,31.640708,65.727751,47,78
2433,31.640708,65.728751,0,64
2434,31.640708,65.729751,0,31
2435,31.640708,65.730751,0,12
2436,31.640708,65.731751,0,19
2437,31.640708,65.732751,0,41
2438,31.640708,65.733751,3,1
2439,31.640708,65.734751,0,3
2440,31.640708,65.735751,1,0
2442,31.640708,65.737751,0,3
2465,31.641708,65.703751,9,0
2466,31.641708,65.704751,9,19
2467,31.641708,65.705751,14,3
2468,31.641708,65.706751,27,0
2469,31.641708,65.707751,20,0
2470,31.641708,65.708751,37,0
2471,31.641708,65.709751,54,0
2472,31.641708,65.710751,232,324
2473,31.641708,65.711751,81,9
2474,31.641708,65.712751,71,87
2475,31.641708,65.713751,81,46
2476,31.641708,65.714751,87,9
2477,31.641708,65.715751,106,37
2478,31.641708,65.716751,62,71
2479,31.641708,65.717751,54,96
2480,31.641708,65.718751,82,76
2481,31.641708,65.719751,63,83
2482,31.641708,65.720751,33,49
2483,31.641708,65.721751,51,65
2484,31.641708,65.722751,48,64
2485,31.641708,65.723751,217,527
2486,31.641708,65.724751,50,87
2487,31.641708,65.725751,24,14
2488,31.641708,65.726751,27,40
2489,31.641708,65.727751,31,42
2490,31.641708,65.728751,3,49
2491,31.641708,65.729751,10,24
2492,31.641708,65.730751,0,11
2493,31.641708,65.731751,0,20
2494,31.641708,65.732751,6,20
2495,31.641708,65.733751,3,8
2496,31.641708,65.734751,0,7
2498,31.641708,65.736751,3,43
2499,31.641708,65.737751,0,1
2521,31.642708,65.702751,14,0
2522,31.642708,65.703751,1,0
2523,31.642708,65.704751,6,3
2524,31.642708,65.705751,17,34
2525,31.642708,65.706751,22,0
2526,31.642708,65.707751,16,12
2527,31.642708,65.708751,36,0
2528,31.642708,65.709751,35,1
2529,31.642708,65.710751,272,265
2530,31.642708,65.711751,71,11
2531,31.642708,65.712751,70,65
2532,31.642708,65.713751,58,88
2533,31.642708,65.714751,68,75
2534,31.642708,65.715751,54,9
2535,31.642708,65.716751,48,37
2536,31.642708,65.717751,35,75
2537,31.642708,65.718751,47,72
2538,31.642708,65.719751,29,60
2539,31.642708,65.720751,14,27
2540,31.642708,65.721751,47,40
2541,31.642708,65.722751,237,270
2542,31.642708,65.723751,61,89
2543,31.642708,65.724751,43,53
2544,31.642708,65.725751,29,83
2545,31.642708,65.726751,27,18
2546,31.642708,65.727751,31,19
2547,31.642708,65.728751,9,20
2548,31.642708,65.729751,0,2
2549,31.642708,65.730751,0,13
2550,31.642708,65.731751,0,5
2551,31.642708,65.732751,0,10
2552,31.642708,65.733751,0,48
2553,31.642708,65.734751,12,12
2555,31.642708,65.736751,0,10
2556,31.642708,65.737751,0,6
2578,31.643708,65.702751,7,0
2580,31.643708,65.704751,0,7
2581,31.643708,65.705751,15,5
2582,31.643708,65.706751,21,4
2583,31.643708,65.707751,37,0
2584,31.643708,65.708751,48,0
2585,31.643708,65.709751,32,0
2586,31.643708,65.710751,256,196
2587,31.643708,65.711751,90,3
2588,31.643708,65.712751,74,32
2589,31.643708,65.713751,29,12
2590,31.643708,65.714751,42,8
2591,31.643708,65.715751,57,5
2592,31.643708,65.716751,22,11
2593,31.643708,65.717751,17,36
2594,31.643708,65.718751,15,28
2595,31.643708,65.719751,14,23
2596,31.643708,65.720751,16,27
2597,31.643708,65.721751,171,219
2598,31.643708,65.722751,187,218
2599,31.643708,65.723751,44,187
2600,31.643708,65.724751,32,59
2601,31.643708,65.725751,11,23
2602,31.643708,65.726751,6,17
2603,31.643708,65.727751,26,17
2604,31.643708,65.728751,33,2
2605,31.643708,65.729751,0,3
2606,31.643708,65.730751,0,3
2608,31.643708,65.732751,0,6
2609,31.643708,65.733751,0,5
2610,31.643708,65.734751,7,23
2612,31.643708,65.736751,0,5
2637,31.644708,65.704751,9,0
2638,31.644708,65.705751,4,0
2639,31.644708,65.706751,15,0
2640,31.644708,65.707751,34,0
2641,31.644708,65.708751,29,0
2642,31.644708,65.709751,37,0
2643,31.644708,65.710751,301,156
2644,31.644708,65.711751,125,6
2645,31.644708,65.712751,72,16
2646,31.644708,65.713751,65,5
2647,31.644708,65.714751,53,4
2648,31.644708,65.715751,56,47
2649,31.644708,65.716751,23,15
2650,31.644708,65.717751,10,55
2651,31.644708,65.718751,20,23
2652,31.644708,65.719751,20,1
2653,31.644708,65.720751,59,74
2654,31.644708,65.721751,237,244
2655,31.644708,65.722751,76,9
2656,31.644708,65.723751,40,11
2657,31.644708,65.724751,63,7
2658,31.644708,65.725751,68,3
2659,31.644708,65.726751,22,0
2660,31.644708,65.727751,21,0
2661,31.644708,65.728751,26,0
2662,31.644708,65.729751,29,0
2663,31.644708,65.730751,2,0
2667,31.644708,65.734751,0,3
2669,31.644708,65.736751,0,1
2696,31.645708,65.706751,45,0
2697,31.645708,65.707751,17,0
2698,31.645708,65.708751,13,0
2699,31.645708,65.709751,27,0
2700,31.645708,65.710751,166,187
2701,31.645708,65.711751,39,2
2702,31.645708,65.712751,42,0
2703,31.645708,65.713751,53,0
2704,31.645708,65.714751,73,0
2705,31.645708,65.715751,44,17
2706,31.645708,65.716751,25,2
2707,31.645708,65.717751,3,4
2708,31.645708,65.718751,7,9
2709,31.645708,65.719751,4,11
2710,31.645708,65.720751,97,277
2711,31.645708,65.721751,46,4
2712,31.645708,65.722751,30,5
2713,31.645708,65.723751,20,37
2714,31.645708,65.724751,30,15
2715,31.645708,65.725751,16,0
2716,31.645708,65.726751,4,0
2717,31.645708,65.727751,45,0
2718,31.645708,65.728751,18,0
2719,31.645708,65.729751,2,0
2720,31.645708,65.730751,1,0
2755,31.646708,65.708751,0,19
2756,31.646708,65.709751,0,27
2757,31.646708,65.710751,52,79
2758,31.646708,65.711751,2,0
2759,31.646708,65.712751,8,0
2760,31.646708,65.713751,26,0
2761,31.646708,65.714751,67,0
2762,31.646708,65.715751,30,0
2763,31.646708,65.716751,10,0
2765,31.646708,65.718751,0,9
2766,31.646708,65.719751,3,104
2767,31.646708,65.720751,12,33
2768,31.646708,65.721751,4,3
2769,31.646708,65.722751,13,0
2770,31.646708,65.723751,24,39
2771,31.646708,65.724751,14,5
2772,31.646708,65.725751,8,14
2774,31.646708,65.727751,9,0
2775,31.646708,65.728751,26,0
2780,31.646708,65.733751,0,6
2814,31.647708,65.710751,69,50
2815,31.647708,65.711751,0,1
2817,31.647708,65.713751,10,0
2818,31.647708,65.714751,16,0
2819,31.647708,65.715751,7,0
2820,31.647708,65.716751,10,0
2822,31.647708,65.718751,5,24
2823,31.647708,65.719751,0,58
2824,31.647708,65.720751,10,0
2825,31.647708,65.721751,1,3
2827,31.647708,65.723751,15,0
2828,31.647708,65.724751,23,0
2829,31.647708,65.725751,1,19
2831,31.647708,65.727751,5,0
2832,31.647708,65.728751,9,0
2838,31.647708,65.734751,1,0
2871,31.648708,65.710751,35,32
2872,31.648708,65.711751,0,2
2879,31.648708,65.718751,4,53
2881,31.648708,65.720751,12,0
2882,31.648708,65.721751,3,0
2884,31.648708,65.723751,12,0
2885,31.648708,65.724751,4,0
2888,31.648708,65.727751,11,0
2889,31.648708,65.728751,17,0
2890,31.648708,65.729751,5,0
2893,31.648708,65.732751,0,3
2895,31.648708,65.734751,2,0
2928,31.649708,65.710751,72,9
2929,31.649708,65.711751,1,0
2935,31.649708,65.717751,7,101
2936,31.649708,65.718751,0,5
2937,31.649708,65.719751,1,0
2938,31.649708,65.720751,30,6
2939,31.649708,65.721751,13,0
2945,31.649708,65.727751,4,0
2946,31.649708,65.728751,11,0
2985,31.650708,65.710751,11,3
2988,31.650708,65.713751,0,5
2989,31.650708,65.714751,7,1
2991,31.650708,65.716751,0,4
2992,31.650708,65.717751,4,10
2995,31.650708,65.720751,2,0
